<?xml version="1.0" encoding="UTF-8"?><RoomSave>
  <raws>
    <Entity>
      <argument></argument>
      <name></name>
      <type>ElRatz</type>
      <x>20</x>
      <y>15</y>
    </Entity>
    <Entity>
      <argument></argument>
      <name></name>
      <type>ElRatz</type>
      <x>9</x>
      <y>8</y>
    </Entity>
    <Entity>
      <argument></argument>
      <name></name>
      <type>Zombie</type>
      <x>24</x>
      <y>15</y>
    </Entity>
    <Entity>
      <name></name>
      <argument></argument>
      <type>Zombie</type>
      <x>28</x>
      <y>16</y>
    </Entity>
  </raws>
  <isDark>false</isDark>
  <BackgroundPath>Background:Background:Background:Background:Background:../Backgrounds/Building.png</BackgroundPath>
</RoomSave>