<?xml version="1.0" encoding="UTF-8"?><RoomSave>
  <raws>
    <Entity>
      <argument></argument>
      <name></name>
      <type>ElRatz</type>
      <x>9</x>
      <y>15</y>
    </Entity>
    <Entity>
      <argument></argument>
      <name></name>
      <type>ElRatz</type>
      <x>15</x>
      <y>15</y>
    </Entity>
    <Entity>
      <argument></argument>
      <name></name>
      <type>ElRatz</type>
      <x>19</x>
      <y>15</y>
    </Entity>
    <Entity>
      <argument></argument>
      <name></name>
      <type>Pigeon</type>
      <x>13</x>
      <y>15</y>
    </Entity>
    <Entity>
      <argument>Des rats des rats partout...</argument>
      <name></name>
      <type>OldMan</type>
      <x>6</x>
      <y>14</y>
    </Entity>
    <Entity>
      <argument>La brume est de pire en pire depuis peu</argument>
      <name></name>
      <type>OldMan</type>
      <x>23</x>
      <y>14</y>
    </Entity>
  </raws>
  <isDark>false</isDark>
  <BackgroundPath>../Backgrounds/City.png</BackgroundPath>
</RoomSave>